FirstName,Phone,Notes
Marudhupandiyan,123456789,Here is your task 
Rakul,123456789,Here is your task 
Nayanthara,123456789,Here is your task 
Thilak,123456789,Here is your task 
John Doe,123456789,Here is your task 
Chloe ,123456789,Here is your task 
Madonna,123456789,Here is your task 
Tom Cruise,123456789,Here is your task 
Steven Barlette,123456789,Here is your task 
Srinivasan,123456789,Here is your task 
George,123456789,Here is your task 
Janet,123456789,Here is your task 
Emma,123456789,Here is your task 
Eve,123456789,Here is your task 
Charles,123456789,Here is your task 
Tracey,123456789,Here is your task 
Michael,123456789,Here is your task 
Lindsay,123456789,Here is your task 
Tobias,123456789,Here is your task 
Byron,123456789,Here is your task 
George,123456789,Here is your task 
Rachel,123456789,Here is your task 
Rajkumar,123456789,Here is your task 
Raju,123456789,Here is your task 
Marudhu,123456789,Here is your task 
